code,name,price,on_hand,serial_count,serials,brand,series,cpu,ram,storage,main_image,public_cats
10A8A06QAU,ThinkCentre M93p,30.0,5.0,5,PC04HDC3;PC04HDCY;PC0BC6XN;PC0BC6Y4;PC0D6AYM,Lenovo,ThinkCentre M93p,i5-4570 CPU @ 3.20GHz,8GB,500GB SSD,True,Desktops & Mini PCs
10AXS27900,ThinkCentre M73,85.0,3.0,3,S4F94406;S4F94497;S4F94591,Lenovo,ThinkCentre M73,i5-4570T CPU @ 2.90GHz,8GB,500GB SSD,True,Desktops & Mini PCs
10MLS15E00-4G-256G-N,ThinkCentre M910s,85.0,1.0,1,PC0MLPES,Lenovo,ThinkCentre M910s,i5-6500,4GB,256GB SSD,True,Desktops & Mini PCs
10MLS15E00-8G-500G-N,ThinkCentre M910s,99.0,5.0,5,PC0XSULA;PC0XSULU;PC0XSULV;PC0XSULX;PC0XSUM5,Lenovo,ThinkCentre M910s,i5-6500,8GB,500GB SSD,True,Desktops & Mini PCs
10MLS1BU00,ThinkCentre M910s,90.0,15.0,15,PC0MMR4N;PC0MMR4Z;PC0PDVKR;PC0PDVKV;PC0PDVKW;PC0Q4YH2;PC0Q4YH5;PC0Q4YHH;PC0Q4YHL;PC0Q4YJK;PC0Q4YJS;PC0Q4YJV;PC0S68KZ;PC0S68LV;PC0S68MC,Lenovo,ThinkCentre M910s,i5-6500,8GB,500GB SSD,True,Desktops & Mini PCs
30B4S1QA00,Lenovo Thinkstation P510,120.0,3.0,3,S/N-30B4S1QA00-001;S/N-30B4S1QA00-002;S/N-30B4S1QA00-003,Lenovo,,Intel(R) Xeon(R) CPU E5-1620 v4 @ 3.50GHz,8GB,1TB HDD,True,Desktops & Mini PCs
30B4S3WF00,Lenovo Thinkstation P510,100.0,2.0,2,S/N-30B4S3WF00-001;S/N-30B4S3WF00-002,Lenovo,,Intel(R) Xeon(R) CPU E5-1607 v4 @ 3.10GHz,8GB,500GB HDD,True,Desktops & Mini PCs
4518PT1,ThinkCentre M91p SFF,50.0,3.0,3,PBMDFX6;R8LD26K;PBMDFG4,Lenovo,ThinkCentre M91p,i5-2400 CPU @ 3.10GHz,8GB,250GB SSD,True,Desktops & Mini PCs
5536RE5,Lenovo ThinkCentre M90P SFF,20.0,3.0,3,R8X18MA;R85PRX4;R89HGV2,Lenovo,,i5 CPU 650 @ 3.20GHz,4GB,250GB SSD,True,Desktops & Mini PCs
RW-10MLS1BU00,Lenovo ThinkCentre M910s,90.0,0.0,0,,Lenovo,ThinkCentre M910s,,,,True,Desktops & Mini PCs
RW-10MLS5RS00,Lenovo ThinkCentre M910s,90.0,0.0,0,,Lenovo,ThinkCentre M910s,,,,True,Desktops & Mini PCs
Y3A52AV,Hp Pro desk 600 G3 6th Gen,80.0,0.0,0,,Lenovo,,Intel(R) Core(TM) i5-6500T CPU @ 2.50GHz,8GB,500GB HDD,True,Desktops & Mini PCs
20L8SBL100,ThinkPad T480s,180.0,3.0,3,PC13Z0YF;PC13Z0XV;PC14S09X,Lenovo,ThinkPad T480s,i5-8250U,8GB,256GB SSD,True,Laptops
20L8SDCE00,ThinkPad T480s,190.0,3.0,3,PC14S04N;PC14S0A6;PC14S1KN,Lenovo,ThinkPad T480s,i5-8250U,8GB,256GB SSD,True,Laptops
20NYS4CP00,ThinkPad T490s,190.0,0.0,0,,Lenovo,ThinkPad T490s,i5-8265U @ 1.6GHz,8GB,,True,Laptops
20NYS4CP00-8G-256G-N,ThinkPad T490s,180.0,58.0,58,PC1ACMX6;PC1ACMXJ;PC1ACMXK;PC1ACMY3;PC1ACMY7;PC1ACMYD;PC1ACMYP;PC1ACZJX;PC1ACZKF;PC1ACZKV;PC1ACZKY;PC1ACZLS;PC1ACZMK;PC1ACZML;PC1ACZN4;PC1ACZN8;PC1ACZNY;PC1ACZPJ;PC1ACZPX;PC1EYJWX;PC1EYJX5;PC1EYJY6;PC1FSFTE;PC1FSFTY;PC1FSFW5;PC1FSFXC;PC1FSFXF;PC1FSFY8;PC1FSFYJ;PC1FSFYS;PC1FVEQ5;PC1FVEQJ;PC1FVES6;PC1FVETM;PC1FVEVN;PC1FVEVT;PC1FVEW8;PC1FVFDG;PC1FVGHT;PC1FVGHZ;PC1FVGJD;PC1FVGJY;PC1FVGKK;PC1FVGKN;PC1FVGKT;PC1FVGLJ;PC1FVGMG;PC1FVGNK;PC1FVGP6;PC1FVND1;PC1FVNDW;PC1FVNFB;PC1FVNFP;PC1FVNG2;PC1FVNGE;PC1FVNGF;PC1FVNGN;PC1FVNJ9,Lenovo,ThinkPad T490s,i5-8265U,8GB,256GB SSD,True,Laptops
20NYS4CP00-8G-256G-T,ThinkPad T490s,180.0,58.0,58,PC1ACMX6;PC1ACMXJ;PC1ACMXK;PC1ACMY3;PC1ACMY7;PC1ACMYD;PC1ACMYP;PC1ACZJX;PC1ACZKF;PC1ACZKV;PC1ACZKY;PC1ACZLS;PC1ACZMK;PC1ACZML;PC1ACZN4;PC1ACZN8;PC1ACZNY;PC1ACZPJ;PC1ACZPX;PC1EYJWX;PC1EYJX5;PC1EYJY6;PC1FSFTE;PC1FSFTY;PC1FSFW5;PC1FSFXC;PC1FSFXF;PC1FSFY8;PC1FSFYJ;PC1FSFYS;PC1FVEQ5;PC1FVEQJ;PC1FVES6;PC1FVETM;PC1FVEVN;PC1FVEVT;PC1FVEW8;PC1FVFDG;PC1FVGHT;PC1FVGHZ;PC1FVGJD;PC1FVGJY;PC1FVGKK;PC1FVGKN;PC1FVGKT;PC1FVGLJ;PC1FVGMG;PC1FVGNK;PC1FVGP6;PC1FVND1;PC1FVNDW;PC1FVNFB;PC1FVNFP;PC1FVNG2;PC1FVNGE;PC1FVNGF;PC1FVNGN;PC1FVNJ9,Lenovo,ThinkPad T490s,i5-8265U,8GB,256GB SSD,True,Laptops
20NYS4CP00-8G-512G-N,ThinkPad T490s,190.0,3.0,3,PC1ACZJE;PC1FVGKV;PC1FVGMV,Lenovo,ThinkPad T490s,i5-8265U,8GB,512GB SSD,True,Laptops
20NYS4CP00-8G-512G-T,ThinkPad T490s,190.0,3.0,3,PC1ACZJE;PC1FVGKV;PC1FVGMV,Lenovo,ThinkPad T490s,i5-8265U,8GB,512GB SSD,True,Laptops
20T0003UAU,ThinkPad T14s Gen 1,250.0,1.0,1,PC1TKK7W,Lenovo,ThinkPad T14s,i5-10210U,16GB,256GB SSD,True,Laptops
20T0003UAU,ThinkPad T14s Gen 1 16GB,250.0,0.0,0,,Lenovo,ThinkPad T14s,i5-10210U,16GB,256GB SSD,True,Laptops
20T1S6C300,ThinkPad T14s Gen 1,230.0,14.0,14,PC1PQ9GQ;PC1PQ9HS;PC1PQ9HV;PC1PQ9HY;PC1PQ9J3;PC1PQ9JK;PC1PQ9JL;PC1PQ9K3;PC1PQ9K5;PC1PQ9M0;PC1PQ9M7;PC1PQ9M8;PC1PQ9MD;PC1PQ9MW,Lenovo,ThinkPad T14s,i5-10210U,8GB,256GB SSD,True,Laptops
20T1S6C300,ThinkPad T14s Gen 1,230.0,14.0,14,PC1PQ9GQ;PC1PQ9HS;PC1PQ9HV;PC1PQ9HY;PC1PQ9J3;PC1PQ9JK;PC1PQ9JL;PC1PQ9K3;PC1PQ9K5;PC1PQ9M0;PC1PQ9M7;PC1PQ9M8;PC1PQ9MD;PC1PQ9MW,Lenovo,ThinkPad T14s,i5-10210U,8GB,256GB SSD,True,Laptops
20TJS5WW00,ThinkPad P1 Gen 3,900.0,1.0,1,R913RZGT,Lenovo,ThinkPad T14s,i9-10885H,32GB,512GB SSD,True,Laptops
20W4004TAU,ThinkPad T15 Gen 2i,450.0,14.0,14,PF2V9RKC;PF2W5DSV;PF2W5NAE;PF2WGAF0;PF2WHCQX;PF2WHM02;PF2WHQG8;PF2WHXNG;PF2WJ1M9;PF2WJ1P5;PF2WJ59L;PF2WJ8XG;PF2WJC5E;PF2WJHVG,Lenovo,ThinkPad T15,i7-1165G7,16GB,512GB SSD,True,Laptops
20WN0025AU,ThinkPad T14s Gen 2I,0.0,0.0,0,,Lenovo,ThinkPad T14s,11th Gen i5/i7,16GB,256GB SSD,False,Laptops
20WN0025AU,ThinkPad T14s Gen 2i,330.0,6.0,6,PC27R4BT;PC27R1V2;PC27R1WE;PC27R1WK;PC27R3NL;PC27R40B,Lenovo,ThinkPad T14s,i5-1145G7,16GB,256GB SSD,True,Laptops
20WNA07YAU,ThinkPad T14s Gen 2I,0.0,0.0,0,,Lenovo,ThinkPad T14s,11th Gen i5/i7,16GB,256GB SSD,False,Laptops
20WNA07YAU,ThinkPad T14s Gen 2i,350.0,12.0,12,GM048THG;GM048THM;GM048TJA;GM048TJZ;GM048TKC;GM048TKM;GM048TLA;GM048TLJ;GM048TM3;GM048TM4;GM048TMP;GM048TNA,Lenovo,ThinkPad T14s,i5-1135G7,16GB,256GB SSD,True,Laptops
20WNS6LL00,ThinkPad T14s Gen 2I,0.0,0.0,0,,Lenovo,ThinkPad T14s,11th Gen i5/i7,16GB,256GB SSD,False,Laptops
20WNS6LL00,ThinkPad T14s Gen 2i,355.0,1.0,1,PC2CN0JW,Lenovo,ThinkPad T14s,i5-1135G7,16GB,256GB SSD,True,Laptops
CF-52GCMBVAM,002,180.0,1.0,1,9ETSA57811,Panasonic,Toughbook,Intel(R) Core(TM)2 Duo CPU P8400 @ 2.26GHz,4GB,250GB SSD,True,Laptops
CF-54H1436VA,003,575.0,1.0,1,8FTSA41991,Panasonic,Toughbook,i5-7300U,8GB,500GB SSD,True,Laptops
CF-54J1436VA,003,575.0,6.0,6,9FTSC49439;9FTSC49459;9FTSC49536;9FTSC49553;9FTSC49592;9FTSC49614,Panasonic,Toughbook,i5-7300U,8GB,500GB SSD,True,Laptops
DELL D09U001-8G-256G-N,DELL D09U001,100.0,6.0,6,9S8FR42;BQWJH62;BQXHH62;BQYBH62;GV8FR42;9W8FR42,Dell,Dell Optiplex,i5-4590T,8GB,256GB SSD,True,Laptops
DELL LATITUDE 5590-16G-256G-N,Dell Latitude 5590,200.0,5.0,5,60T1QQ2;82T1QQ2;4MWWMV2;B7H8NV2;CYPWMV2,Dell,Dell 5590,i5-8250U,16GB,256GB SSD,True,Laptops
FZ-55C0018VA,001,400.0,1.0,1,0HTSA62413,Panasonic,Toughbook,i5-8365U,8GB,500GB SSD,True,Laptops
LAT3301,Dell Latitude 3301,170.0,0.0,0,,Dell,Dell 3301,i7-8565U,8GB,512GB SSD,True,Laptops
LATE7470,Dell E7470,100.0,2.0,2,S/N-LATE7470-001;S/N-LATE7470-002,Lenovo,Dell E7470,i5-6200U,8GB,256GB SSD,True,Laptops
LATITUDE 3301,Dell Latitude 3301,170.0,7.0,7,1BNFNW2;35LRLT2;4FKRLT2;55LRLT2;7SKRLT2;GNKRLT2;JCKRLT2,Dell,Dell 3301,i7-8565U,8GB,512GB SSD,True,Laptops
LATITUDE 5590-16G-256G-N,DELL LATITUDE 5590,200.0,5.0,5,60T1QQ2;82T1QQ2;4MWWMV2;B7H8NV2;CYPWMV2,Dell,Dell 5590,i5-8250U,16GB,256GB SSD,True,Laptops
LATITUDE E7440-16G-256G-N,Latitude E7470,0.0,1.0,1,DFDZN32,Dell,Dell 7440,i5-4310U,16GB,256GB SSD,False,Laptops
LATITUDE E7440-8G-256G-N,Latitude E7470,0.0,1.0,1,BJDZN32,Dell,Dell 7440,i5-4310U,8GB,256GB SSD,False,Laptops
LATITUDE E7470,Latitude E7470,120.0,2.0,2,64M3Q72;7213YF2,Dell,Dell E7470,i5-6200U,8GB,256GB SSD,True,Laptops
LATITUDE E7470-16G-256G-N,LATITUDE E7470,100.0,1.0,1,DFDZN32,Dell,Dell E7470,i5-6200U CPU @ 2.30GHz,16GB,256GB SSD,True,Laptops
LATITUDE E7470-8G-256G-N,LATITUDE E7470,120.0,3.0,3,BJDZN32;7213YF2;64M3Q72,Dell,Dell E7470,i5-6200U,8GB,256GB SSD,True,Laptops
OPTIPLEX 9020M,Dell Optiplex 9020M,100.0,6.0,6,9S8FR42;9W8FR42;BQWJH62;BQXHH62;BQYBH62;GV8FR42,Dell,,i5-4590T,8GB,256GB SSD,True,Laptops
T1D55PA#ABG,KBC Version 05.36,100.0,1.0,1,AUD7020F4Y,HP,KBC Version 05.36,i7-6700,8GB,256GB SSD,True,Laptops
