section,default_code,title_raw,brand,quantity,cost_ex,condition_note,unit_identifiers,row_note
Laptops,20TJS5WW00,"Re-Ware Lenovo P1 Gen 3  i9-10885H CPU @ 2.40GHz, 512Gb, 32GB RAM",Lenovo,1,800.0,,,
Laptops,20T1S6C300,"Re-Ware Lenovo - T14s Gen 1 I5-102IOU@1.6GHZ, 512 SSD, 8GB RAM, TOUCHSCREEN, WAN ENABLED, W11P",Lenovo,1,230.0,,,
Laptops,20T0003UAU,"Re-Ware Lenovo - T14S I5-10210U, 14.0"" FHD IPS TOUCH, 256GB SSD, 16GB, 4G LTE, IR CAM, W11P",Lenovo,1,250.0,,,
Laptops,20WN0025AU,"Re-Ware ThinkPad T14s Gen 2i, 11th Gen Intel(R) Core(TM) i5-1145G7 @ 2.60GHz, 256GB, 16GB",Lenovo,1,330.0,,,
Laptops,20W4004TAU,"Re-Ware Lenovo - T15 I7 @2.8GHZ, 512GB SSD, 16GB RAM, TOUCHSCREEN, WAN ENABLED - Numeric Keypad",Lenovo,1,450.0,,,
Laptops,20WNS6LL00,"Re-Ware Lenovo - T14s I5-1135G7@2.4GHZ, 256 SSD, 16GB RAM, TOUCHSCREEN, WAN ENABLED",Lenovo,1,355.0,,,
Laptops,20L8SDCE00,Re-Ware Lenovo T480s,Lenovo,1,190.0,,,
Laptops,20WNA07YAU,"Re-Ware Lenovo T14s Gen 2i, i5-1135G7 @ 2.40GHz, 16Gb, 256Gb, Long Premiere Support",Lenovo,1,350.0,,,
Laptops,CF 54 Mk 3,"Re-Ware Panasonic Toughbook CF54-3 Intel(R) Core(TM) i5-7300U CPU @ 2.60GHz, 500GB, 8GB RAM",Panasonic,1,550.0,,,
Laptops,FZ55-1,"Re-Ware Panasonic toughbook FZ55-1  Intel(R) Core(TM) i5-8365U CPU @ 1.60GH,z 500GB HD, 8GB RAM",Panasonic,1,600.0,,,
Laptops,20NYS4CP00,"Re-Ware Re-ware Lenovo - T490s I5 8265U @ 1.6GHz, 8GB RAM, 256SSD, TOUCH SCREEN, WAN ENABLED",Lenovo,1,190.0,,,
Laptops,LAT3301,"Re-Ware Dell Latitude 3301 Laptop Intel(R) Core(TM) i7-8565U CPU @ 1.80GHz, 512GB HDD, 8GB",Dell,10,200.0,,,
Laptops,LAT5590,"Re-Ware Dell Latitude 5590, i5-8250U CPU @ 1.60GHz, 256GBSSD, 16GB RAM",Dell,7,200.0,,,
Laptops,LAT5591,"Re-Ware Dell Latitude 5590, i5-8250U CPU @ 1.60GHz, 256GBSSD, 8GB RAM",Dell,2,180.0,,,
Laptops,LATE7470,"Re-Ware Dell Latitude E7470, i5-6200U CPU @ 2.30GHz, 256GBSSD, 8GB RAM",Dell,2,100.0,,,
Docks,40AJ0135AU,Re-Ware Lenovo ThinkPad USB 3.0 Ultra Dock 40A8 DisplayPort HDMI Ethernet,Lenovo,1,25.0,,,
Docks,40AF0135AU,Re-Ware Lenovo THINKPAD HYBRID USB-C WITH USB-A DOCK (3XUSB3.0/2XUSB2.0/1XUSB-C/2XDP/2XHDMI) DOCK,Lenovo,1,70.0,,,
Docks,3FF69AA,Re-Ware HP USB-C Dock G4,HP,1,60.0,,,
Docks,26D32AA,Re-Ware HP USB-C Dock G5,HP,9,80.0,,,
Desktops,30B4S3WF00,"Re-Ware Lenovo Thinkstation P510 Intel(R) Xeon(R) CPU E5-1607 v4 @ 3.10GHz, 500GB HD, 8GB RAM",Lenovo,2,200.0,,,
Desktops,30B4S1QA00,"Re-Ware Lenovo Thinkstation P510 Intel(R) Xeon(R) CPU E5-1620 v4 @ 3.50GHz,1TB HD, 8GB RAM",Lenovo,3,210.0,,,
Desktops,RW-Y3A52AV,"Re-Ware Hp Pro desk 600 G3 6th Gen I5 6500T, 500Gb, 8Gb",HP,1,150.0,,8CG8222L72,
Desktops,RW-T1D55PA#ABG,"Re-Ware HP 800 Prodesk G2 SFF 6th gen I7-6700, 256Gb, 8Gb, 4 cores @3.4Ghz",HP,1,100.0,,AUD702OF4Y,
Desktops,RW-10AXS27900,"Re-Ware Lenovo M73 Tiny 4th gen i5-4570T, 500Gb, 8Gb",Lenovo,4,85.0,,S4F944497|S4F94406|S4F94591|S4F94584,
Desktops,RW-10MLS1BU00,"Re-Ware Lenovo SFF M910s i5-6500 CPU @ 3.20GHz,8Gb, 500Gb",Lenovo,17,100.0,,PC0Q4YH5|PC0S68LV|PC0PDVKW|PC0S68KZ|PC0Q4YJV|PC0Q4YJS|PC0Q4YHL|PC0Q4YH2|PC0MMR48|PC0MMR4Z|PC0PDVKR|PC0MMR4N|PC0PDVKV|PC0Q4YHH|PC0S68MC|PC0Q4YJK|PC0MMR45,
Desktops,RW-10MLS15E00,"Re-Ware Lenovo SFF M910s i5-6500 CPU @ 3.20GHz,4Gb, 256Gb",Lenovo,1,50.0,,PC0MLPES,
Desktops,RW-10MLS5RS00,"Re-Ware Lenovo SFF M910s i5-6500 CPU @ 3.20GHz,8Gb, 500Gb",Lenovo,5,100.0,,PC0XSULA|PC0XSULV|PC0XSULX|PC0XSULU|PC0XSUM5,
Desktops,RW-10SJ0004AU,"Re-WareLenovo M920s  i5-8500 CPU @ 3.00GHz, 256Gb, 16Gb",Lenovo,1,120.0,,PC15S7XM,
Desktops,RW-10A8A06QAU,Re-Ware Lenovo M93P,Lenovo,5,50.0,,PC0BC6Y4|PC0D6AYM|PC04HDC3|PC04HDCY|PC0BC6XN,
Desktops,RW-5536RE5,Re-Ware Lenovo M90P,Lenovo,3,50.0,,R85PRX4|R8X18MA|R89HGV2,
Desktops,RW-4518PT1,Re-Ware Lenovo M91P,Lenovo,2,50.0,,PBMDFX6|R8LD26K,
Desktops,IMPORT-ODELL-OPTIPLEX-9020M-TINY-I5-4590T-CPU-2-00GHZ-2,"Odell Optiplex 9020M Tiny i5-4590T CPU @ 2.00GHz, 256GB, 8GB",,10,50.0,,,synthetic_default_code_from_title;typo_odell
Desktops,IMPORT-DELL-DO9U-TINY,Dell DO9U Tiny,,3,50.0,,No SSD or RAM|BQX8S62|3Z8FR42|7Y8FR42,synthetic_default_code_from_title
Accessories,MTM7654,Re-ware Wired keyboard,Lenovo,1,,,,
Accessories,MOUSE,Re-ware wired mouse,Lenovo,1,,,,
Accessories,CCITREWAREBAG,Co-Creative IT & Re-Ware Lenovo backpack,Co-Creative IT,1,40.0,,,
Monitors,CCIT0001,Service - 1 Hour,Co-Creative IT,1,90.0,,,
Monitors,F24T450FQEXXY,"Re-Ware Samsung 24"" F24T450FQ USB hub 1080P WIFI, 2 x HDMI, Display port",Samsung,4,50.0,,,
Monitors,S24E450,"Re-Ware 24"" Samsung Monitor",Samsung,1,120.0,,,
Monitors,BUNDLESA1450,"Re-Ware Two Samsung SA1450  22""Monitors, HP G4 dock, cables",Samsung,1,100.0,,,
Monitors,BUNDLES24E450,"Re-Ware Dual 24 Monitor Bundle 2 x Dell 24"" monitors, HP G4 D USB-C dock, all cables",Samsung,1,150.0,,,
Monitors,22C450,"Re-Ware Dual 24"" Samsung S22c450 monitor bundle with HP G4 Dock",Samsung,1,0.0,,,
Networking,AIRCAP3502I-N-K9,Re-Ware Cisco Access Point,Cisco,68,15.0,,,
Networking,WS-3750X-48P,Re-Ware Cisco Switch 48 Ch,Cisco,45,25.0,,,
Networking,CISCO1941,Re-Ware Cisco 1941 series Integrated Services Router (ISR),Cisco,1,90.0,,,
Networking,CISCO2911,Re-Ware Cisco 2911 Integrated Services Router (ISR) Gen 2,Cisco,1,90.0,,,
Networking,AG066A,Re-Ware HP TFT7600 KVM,HP,5,150.0,,,
Networking,MR18-HW,Cisco Meraki MR18 Access Point,Cisco,67,30.0,,bracket,
Networking,MR18-HW,Cisco Meraki MR18 Access Point,Cisco,28,25.0,,nothing,
Networking,MR18-HW,Cisco Meraki MR18  Access Point,Cisco,2,30.0,,black,
Networking,MR18-HW,Cisco Meraki MR18 Access Point,Cisco,1,35.0,,"bracket, AC",
Networking,MR42-HW,Cisco Meraki MR42 Access Point,Cisco,4,45.0,,nothing,
Networking,MS220-24P,Meraki Switch cloud-managed Layer 2 switch featuring 24 Gigabit Ethernet ports with 370W PoE+ support and 4 SFP uplink ports,Cisco,3,60.0,,,networking_ms220_layout
Networking,MS220-48P,Meraki 48-port Gigabit Ethernet Layer 2 cloud-managed switch,Cisco,8,80.0,,,networking_ms220_layout
