S24E450	Dual 24 Monitor Bundle	Samsung	1	60	0	60	55	6
P1	Lenovo P1 Gen 3 512Gb, 2 x Samsung HDMI Moniotrs and Lenovo Hybrid Dock Bundle	Lenovo	1	900	0	900	870	90
P330	Lenovo P330 Tiny Intel(R) Core(TM) i7-8700 CPU @ 3.20GHz, 16, 256	Lenovo	3	600	0	600	600	60
S24E450	Dual 24 Monitor Bundle	Samsung	1	120	0	120	100	12
20T1S6C300	Re-ware Refurbished Lenovo - T14s I5-102IOU@1.6GHZ, 512 SSD, 16GB RAM, TOUCHSCREEN, WAN ENABLED - Included 65 watt and 135 watt AC adapters and Powered dock.	Lenovo	1	330	0	330	280	33
sa1450	Samsung dual 22" Monitors Bundle	Samsung	1	100	0	100	95	10
Hybrid USB C dock	Lenovo/Dell Dock Upgrade	Lenovo	1	20	0	20	15	2
sa1450	Samsung dual 22" Monitors Bundle	Samsung	1	100	0	100	95	10
ThinkPad USB-C Wired Compact Mouse	wired mouse	Lenovo	1	5	0	5	5	0.5
PB278QR	27" Asus PB278QR	ASUS	1	90	0	90	90	9
30BFS6AQ00	Re-ware Lenovo P520	Lenovo	1	300	0	300	300	30
P330	Lenovo P330 Tiny Intel(R) Core(TM) i7-8700 CPU @ 3.20GHz, 16, 256	Lenovo	6	1,200.00	0	1,200.00	1,200.00	120
sa1450	Samsung dual 22" Monitors Bundle	Samsung	1	163.65	0	163.65	158.65	16.37
20T1S6C300	Re-ware Refurbished Lenovo - T14s I5-102IOU@1.6GHZ, 256 SSD, 8GB RAM, TOUCHSCREEN, WAN ENABLED	Lenovo	5	1,750.00	0	1,750.00	1,500.00	175
20T1S6C300	Re-ware Refurbished Lenovo - T14s I5-102IOU@1.6GHZ, 256 SSD, 8GB RAM, TOUCHSCREEN, WAN ENABLED	Lenovo	5	1,750.00	0	1,750.00	1,500.00	175
11DT006GAU	Refurbished Lenovo M70qGen 1 i7-10700T, 512Gb, 16Gb	Lenovo	2	360	0	360	360	36
20NYS4CP00	Re-ware Refurbished Lenovo - T490s I5 8265U @ 1.6GHz, 8GB RAM, 256SSD, TOUCH SCREEN, WAN ENABLED	Lenovo	1	150	0	150	100	15
40AJ0135AU	Re-ware Refurbished Lenovo Ultra Docking Station	Lenovo	1	20	0	20	20	2
20NYS4CP00	Re-ware Refurbished Lenovo - T490s I5 8265U @ 1.6GHz, 8GB RAM, 256SSD, TOUCH SCREEN, WAN ENABLED	Lenovo	1	150	0	150	100	15
RW-20WN0025AU	ThinkPad T14s Gen 2i, 11th Gen Intel(R) Core(TM) i5-1145G7 @ 2.60GHz, 256GB, 16GB	Lenovo	1	200	0	200	150	20
20NYS4CP00	Re-ware Refurbished Lenovo - T490s I5 8265U @ 1.6GHz, 8GB RAM, 256SSD, TOUCH SCREEN, WAN ENABLED	Lenovo	1	85.49	0	85.49	35.49	8.55
EPEBW53	Epson EB-W53 WXGA 3LCD Projector	Epson	1	180	0	180	180	18
40AF0135AU	Lenovo THINKPAD HYBRID USB-C WITH USB-A DOCK (3XUSB3.0/2XUSB2.0/1XUSB-C/2XDP/2XHDMI) DOCK	Lenovo	1	45	0	45	45	4.5
20W4004TAU	Re-ware Refurbished Lenovo - T15 I7 @2.8GHZ, 512GB SSD, 16GB RAM, TOUCHSCREEN, WAN ENABLED - Numeric Keypad	Lenovo	2	709.1	0	709.1	609.1	70.91
sa1450	Samsung dual 22" Monitors Bundle	Samsung	1	90	0	90	85	9
G5	HP USB-C Dock G5	HP	9	401.4	0	401.4	401.4	40.14
20WNS6LL00	Re-ware Refurbished Lenovo - T14s I5-102IOU@1.6GHZ, 256 SSD, 8GB RAM, TOUCHSCREEN, WAN ENABLED	Lenovo	2	615.92	0	615.92	215.92	61.59
20NYS4CP00	Re-ware Refurbished Lenovo - T490s I5 8265U @ 1.6GHz, 8GB RAM, 256SSD, TOUCH SCREEN, WAN ENABLED	Lenovo	1	85.49	0	85.49	35.49	8.55
RW-20WN0025AU	ThinkPad T14s Gen 2i, 11th Gen Intel(R) Core(TM) i5-1145G7 @ 2.60GHz, 256GB, 16GB	Lenovo	1	250	0	250	200	25
bravia	Sony Bravia 55" TV	Sony	1	68.18	0	68.18	68.18	6.82
30DES2W700	Re-Ware Refurbished Lenovo P340 Tiny Desktop	Lenovo	1	314.64	0	314.64	314.64	31.46
G5	HP USB-C Dock G5	HP	1	58.02	0	58.02	58.02	5.8
F24T	Dual screen bundle Samsung F24T with Thinkpad dock	Samsung	1	154.55	0	154.55	154.55	15.46
11T300A1AU	Re-ware Refurbished - Lenovo ThinkCentre M70q Gen 3 11T300A1AU Desktop Computer - Intel Core i7 12th Gen i7-12700T - 16 GB - 512 GB SSD - Tiny - Black	Lenovo	5	1,818.15	0	1,818.15	-3,081.85	181.82
30BFS6AQ00	Re-ware Lenovo P520 Workstation	Lenovo	1	272.72	0	272.72	272.72	27.27
16Gb Ram	16Gb RDIMM RAM Upgrade	Hynix - Imsourcing	1	109.1	0	109.1	69.1	10.91
f240	Dual monitor dock bundle with screen upgrade	Samsung	1	136.36	0	136.36	136.36	13.64
22C450	dual 22" Samsung monitor bundle	Samsung	2	181.84	0	181.84	181.84	18.18
Hybrid USB-C	dock upgrade - Lenovo	Lenkeng	2	36.34	0	36.34	36.34	3.63
328B1	PHILIPS 32" (16:9) UHD LED, HDMI(2), DP, USB(4), H/ADJ, SPKR, 4YR	Philips	1	136.36	0	136.36	136.36	13.64
329P1H	PHILIPS 32" (16:9) UHD IPS LED75HZ, HDMI, DP, USB-C DOCK, RJ45, WEBCAM, SPKR, H/ADJ, 4YR	Philips	1	159.09	0	159.09	159.09	15.91
30B4S3WF00	Lenovo Thinkstation P510 16Gb	Lenovo	1	118.18	0	118.18	118.18	11.82
20L8SDCE00	Lenovo T480s	Lenovo	1	100	0	100	100	10
Pro desk 600 G6	HP Prodesk 600 G6 i5-10500T CPU @ 2.30GHz, 14Gb, 16Gb	HP	1	163.64	0	163.64	163.64	16.36
SBKPF	HP 400 Pro desk G6 mini i5-10500T CPU @ 2.30GHz, 256 +14Gb ssds, 8Gb	HP	4	654.56	0	654.56	654.56	65.46
P340	Lenovo P340 Tiny 10th Gen i7-10700, 256Gb 16Gb 8 cores @ 2.9Ghz	Lenovo	2	400	0	400	400	40
Optiplex 3070	Dell Optiplex 3070 Micro I5-9500	Dell	5	740	0	740	740	74
optiplex 3080 Micro	Dell optiplex 3080 Micro I5 i5-10500	HP	1	168	0	168	168	16.8
20NYS4CP00	Re-ware Refurbished Lenovo - T490s I5 8265U @ 1.6GHz, 8GB RAM, 256SSD, TOUCH SCREEN, WAN ENABLED	Lenovo	5	650	0	650	650	65
20NYS4CP00	Re-ware Refurbished Lenovo - T490s I5 8265U @ 1.6GHz, 16GB RAM, 256SSD, TOUCH SCREEN, WAN ENABLED	Lenovo	1	150	0	150	150	15
20T0003UAU	Re-ware Refurbished Lenovo - T14S I5-10210U, 14.0" FHD IPS TOUCH, 256GB SSD, 16GB, 4G LTE, IR CAM, W10P64, 3YO	Lenovo	1	180	0	180	-1,487.64	18
8GB 3200	Toughbook Ram upgrade	Samsung	1	150	0	150	120	15
RW-20WN0025AU	ThinkPad T14s Gen 2i, 11th Gen Intel(R) Core(TM) i5-1145G7 @ 2.60GHz, 256GB, 16GB	Lenovo	1	300	0	300	250	30
RW-20WN0025AU	ThinkPad T14s Gen 2i, 11th Gen Intel(R) Core(TM) i5-1145G7 @ 2.60GHz, 256GB, 16GB	Lenovo	1	300	0	300	250	30
Ultra Dock 40A8	Lenovo ThinkPad USB 3.0 Ultra Dock 40A8 DisplayPort HDMI Ethernet	Lenovo	1	20	0	20	10	2
CF 54 Mk 3	re-ware Panasonic Toughbook CF54-3	Panasonic	1	600	0	600	600	60
20WNS6LL00	Re-ware Refurbished Lenovo - T14s I5-102IOU@1.6GHZ, 256 SSD, 8GB RAM, TOUCHSCREEN, WAN ENABLED	Lenovo	1	272.73	0	272.73	72.73	27.27
20WNS6LL00	Re-ware Refurbished Lenovo - T14s I5-102IOU@1.6GHZ, 256 SSD, 8GB RAM, TOUCHSCREEN, WAN ENABLED	Lenovo	1	227.27	0	227.27	27.27	22.73
Elite Mini 600 G9 Desktop PC	Re-ware - HP Elite Mini 600 G9 Desktop PC	HP	2	920.82	0	920.82	920.82	92.08
G5	HP USB-C Dock G5	HP	15	648.45	0	648.45	648.45	64.85
20WNS6LL00	Re-ware Refurbished Lenovo - T14s I5-102IOU@1.6GHZ, 256 SSD, 8GB RAM, TOUCHSCREEN, WAN ENABLED	Lenovo	1	272.73	0	272.73	72.73	27.27
20W4004TAU	Re-ware Refurbished Lenovo - T15 I7 @2.8GHZ, 512GB SSD, 16GB RAM, TOUCHSCREEN, WAN ENABLED - Numeric Keypad	Lenovo	1	367.65	0	367.65	317.65	36.77
11T300A1AU	Re-ware Refurbished - Lenovo ThinkCentre M70q Gen 3 11T300A1AU Desktop Computer - Intel Core i7 12th Gen i7-12700T - 16 GB - 512 GB SSD - Tiny - Black	Lenovo	1	426.86	0	426.86	-553.14	42.69
G5	HP USB-C Dock G5	HP	1	107.88	0	107.88	107.88	10.79
11T300A1AU	Re-ware Refurbished - Lenovo ThinkCentre M70q Gen 3 11T300A1AU Desktop Computer - Intel Core i7 12th Gen i7-12700T - 16 GB - 512 GB SSD - Tiny - Black	Lenovo	1	506.94	0	506.94	-473.06	50.69
RW-20WNA07YAU	Lenovo T14s Gen 2i, i5-1135G7 @ 2.40GHz, 16Gb, 256Gb	Lenovo	1	272.73	0	272.73	247.73	27.27
20NYS4CP00	Re-ware Refurbished Lenovo - T490s I5 8265U @ 1.6GHz, 8GB RAM, 256SSD, TOUCH SCREEN, WAN ENABLED	Lenovo	1	145.45	0	145.45	95.45	14.55
G5	HP USB-C Dock G5	HP	1	94.51	0	94.51	94.51	9.45
Elite Mini 600 G9	HP Elite Mini 600 G9 512GB SSD, i7-12700T, 16GB RAM	HP	1	477.98	0	477.98	477.98	47.8
30BFS6AQ00	Re-ware Lenovo P520 Workstation	Lenovo	1	272.73	0	272.73	252.73	27.27
20W4004TAU	Re-ware Refurbished Lenovo - T15 I7 @2.8GHZ, 512GB SSD, 16GB RAM, TOUCHSCREEN, WAN ENABLED - Numeric Keypad	Lenovo	1	394.93	0	394.93	344.93	39.49
20W4004TAU	Re-ware Refurbished Lenovo - T15 I7 @2.8GHZ, 512GB SSD, 16GB RAM, TOUCHSCREEN, WAN ENABLED - Numeric Keypad	Lenovo	1	428.21	0	428.21	378.21	42.82
40AF0135AU -2	Re-ware Lenovo Hybrid USB-C Dock USB, USB 3.1 Type C, USB Type C	Lenovo	1	40.17	0	40.17	40.17	4.02
970 EVO Plus	Samsung 970 EVO Plus 500GB	Samsung	1	107.88	0	107.88	107.88	10.79
20WNS6LL00	Re-ware Refurbished Lenovo - 11th Gen Intel(R) Core(TM) i5-1135G7 @ 2.40GHz, 256 SSD, 16GB RAM, TOUCHSCREEN, WAN ENABLED	Lenovo	3	816.81	0	816.81	666.81	81.68
CCITREWAREBAG	Co-Creative IT & Re-Ware Lenovo backpack	Co-Creative IT	1	25	0	25	25	2.5
20NYS4CP00	Re-ware Refurbished Lenovo - T490s I5 8265U @ 1.6GHz, 8GB RAM, 256SSD, TOUCH SCREEN, WAN ENABLED	Lenovo	1	145.45	0	145.45	95.45	14.55
RW-20WNA07YAU	Re-ware Refurbished - Lenovo T14s Gen 2i, i5-1135G7 @ 2.40GHz, 16Gb, 256Gb	Lenovo	1	313.64	0	313.64	313.64	31.36
RW-20WNA07YAU	Re-ware Refurbished - Lenovo T14s Gen 2i, i5-1135G7 @ 2.40GHz, 16Gb, 256Gb	Lenovo	1	313.64	0	313.64	313.64	31.36
22C450	dual 24" Samsung S22c450 monitor bundle with HP G4 Dock	Samsung	1	110	0	110	110	11
mtm7654	Re-ware Wired keyboard	Lenovo	1	5	0	5	5	0.5
mouse	Re-ware wired mouse	Lenovo	1	5	0	5	5	0.5
RW-20WNA07YAU	Re-ware Refurbished Lenovo T14s Gen 2i, i5-1135G7 @ 2.40GHz, 16Gb, 256Gb	Lenovo	1	280	0	280	280	28
S24E450	Dual 24 Monitor Bundle 2 x Dell 24" monitors, HP G4 D USB-C dock, all cables	Samsung	1	150	0	150	130	15
S24E450	Dual 24 Monitor Bundle 2 x Samsung S24e450 24" monitors, HP G4 D USB-C dock, all cables	Samsung	1	110	0	110	90	11
22C450	dual 22" Samsung S22c450 monitor bundle with HP G4 Dock	Samsung	2	220	0	220	220	22
CCIT0001	Service - 1 Hour	Co-Creative IT	1	50	0	50	30	5
hybrid USB-C dock	lenovo dock upgrade	Lenovo	1	26.36	0	26.36	26.36	2.64
RW-20WNA07YAU	Re-ware Refurbished - Lenovo T14s Gen 2i, i5-1135G7 @ 2.40GHz, 16Gb, 256Gb	Lenovo	1	313.64	0	313.64	313.64	31.36
20W4004TAU	Re-ware Refurbished Lenovo T15 I7 @2.8GHZ, 512GB SSD, 16GB RAM, TOUCHSCREEN, WAN ENABLED - Numeric Keypad	Lenovo	1	363.64	0	363.64	363.64	36.36
RW-32UN550-W	LG 32" 4K LED Monitor	LG	2	140	0	140	140	14
COMSPEAKERS	Computer speakers	LG	1	14.54	0	14.54	14.54	1.45
20W4004TAU	Re-ware Refurbished Lenovo T15 I7 @2.8GHZ, 512GB SSD, 16GB RAM, TOUCHSCREEN, WAN ENABLED - Numeric Keypad	Lenovo	1	363.64	0	363.64	363.64	36.36
F24T450FQEXXY	Samsung 24" F24T450FQ USB hub 1080P WIFI, 2 x HDMI, Display port	Samsung	4	200	0	200	200	20
20WNS6LL00	Re-ware Refurbished Lenovo - T14s i5-1135G7 @ 2.40GHz 256 SSD, 16GB RAM, TOUCHSCREEN, WAN ENABLED	Lenovo	1	300	0	300	250	30
